Traffic_HV_05Street, Store, Street, 10000
Traffic_FV_04Street, Store, Street, 10000
Traffic_FV_05Street, Store, Street, 10000
Traffic_FV_01Street, Store, Street, 10000
BiplaneCar_VC000, Store, Street, 14000
BirdOfPlay_VC000, Store, Street, 14000
Traffic_HV_08Street, Store, Street, 10000
BoomerWagon_VC000, Store, Street, 14000
AirportFuelTruck_60261, Store, Street, 10000
Roadster_7682b, Store, Street, 14000
Sedan_10184, Store, Street, 10000
ClutchStreetCar_VC000, Store, Street, 14000
Cornmobile_VC000, Store, Street, 20000
DonutCarriage_VC000, Store, Street, 20000
Traffic_B5_11Street, Store, Street, 10000
Traffic_HV_03Street, Store, Street, 10000
Traffic_BB_04Street, Store, Street, 10000
Minecart_VC005, Store, Street, 10000
Traffic_B5_06Street, Store, Street, 10000
FigsWagenCoupe, Store, Street, 10000
FigsWagenSport, Store, Street, 10000
FigsWagenWagon, Store, Street, 10000
FoodTruckA_VC000, Store, Street, 10000
FoulRunningsStreet_VC000, Store, Street, 14000
GarbageTruck_4432, Store, Street, 10000
Traffic_HV_02Street, Store, Street, 10000
Kart_30032, Store, Street, 10000
GoldDrillerStreet_VC000, Store, Street, 14000
GolfCart_LBT000, Store, Street, 10000
BigRig_VC60025, Store, Street, 10000
GreenMachine_VC000, Store, Street, 10000
Handcar_VC000, Store, Street, 10000
HotDawg_VC000, Store, Street, 20000
HotGarbageStreet_VC000, Store, Street, 14000
DumpsterMobile_VC000, Store, Street, 14000
P59PlaneCar_VC000, Store, Street, 14000
Mower_30224, Store, Street, 10000
GothaPlaneCar_VC000, Store, Street, 20000
Bosozoku01Street_VC000, Store, Street, 14000
Traffic_BB_03Street, Store, Street, 10000
PoliceCar_VC000, Store, Street, 10000
Machio_4S_VC000, Store, Street, 10000
Machio_VC000, Store, Street, 10000
Traffic_B5_10Street, Store, Street, 10000
Traffic_HV_04Street, Store, Street, 10000
GreenCruiserTruck_VC31056, Store, Street, 10000
MugMinion_VC000, Store, Street, 14000
SpiderStreet_VC000, Store, Street, 14000
OrganDonorStreet_VC000, Store, Street, 20000
Traffic_FV_03Street, Store, Street, 10000
JetPlaneCar_VC000, Store, Street, 14000
Traffic_B5_02Street, Store, Street, 10000
RaceyMcRaceFaceStreet_VC000, Store, Street, 14000
Traffic_B5_05Street, Store, Street, 10000
Traffic_B5_07Street, Store, Street, 10000
AgentsTurbocar_VC8634, Store, Street, 14000
ShadowMinionStreet, Store, Street, 14000
ShadowZ_Street_VC000, Store, Street, 14000
Sharkatron_9000, Store, Street, 20000
Traffic_BB_05Street, Store, Street, 10000
UFO_VC31095, Store, Street, 10000
SimpleTowTruck_6628, Store, Street, 10000
FossilFuelerStreet_VC000, Store, Street, 20000
Traffic_HV_06Street, Store, Street, 10000
HotdogTruck_VC41129A, Store, Street, 20000
StairTruck_VC001, Store, Street, 10000
UFO_Car_VC000, Store, Street, 14000
BoneWagon_VC000, Store, Street, 14000
Traffic_HV_10Street, Store, Street, 10000
Traffic_HV_09Street, Store, Street, 10000
Traffic_HV_07Street, Store, Street, 10000
Traffic_FV_02Street, Store, Street, 10000
Traffic_B5_03Street, Store, Street, 10000
GreaseMonkeyStreet_VC000, Store, Street, 10000
Van_31079, Store, Street, 14000
GovVan_VC60198, Store, Street, 10000
TankerTruck_10184, Store, Street, 10000
BrickFilA_VC000, Store, Street, 14000
Traffic_B5_09Street, Store, Street, 10000
Traffic_BB_01Street, Store, Street, 10000
IceCreamVan_70804A, Store, Street, 14000
MonkeyMobile_VC000, Store, Street, 14000
GovInterceptor_VC000, Store, Street, 10000
GovInterceptor_VC001, Store, Street, 10000
VampHearse_9464, Store, Street, 10000
VanGo_VC000, Store, Street, 10000
CargoVan_10268, Store, Street, 10000
CoffinCar_30200, Store, Street, 14000
Roadster_9465, Store, Street, 10000
Traffic_BB_01Offroad, Store, Off-Road, 10000
Traffic_HV_05Offroad, Store, Off-Road, 10000
Traffic_B5_09Offroad, Store, Off-Road, 10000
Traffic_FV_05Offroad, Store, Off-Road, 10000
Traffic_FV_01Offroad, Store, Off-Road, 10000
BoatTruck_VC000, Store, Off-Road, 20000
BoomerTruck_VC001, Store, Off-Road, 10000
Traffic_HV_03Offroad, Store, Off-Road, 10000
Traffic_FV_04Offroad, Store, Off-Road, 10000
DuneBuggy_60145, Store, Off-Road, 10000
Traffic_B5_08Offroad, Store, Off-Road, 10000
Truck_BT000, Store, Off-Road, 10000
Traffic_B5_02Offroad, Store, Off-Road, 10000
Kar_VC001, Store, Off-Road, 10000
RallyTruck_60218, Store, Off-Road, 10000
Traffic_HV_08Offroad, Store, Off-Road, 10000
Traffic_FV_02Offroad, Store, Off-Road, 10000
Traffic_BB_05Offroad, Store, Off-Road, 10000
Traffic_B5_04Offroad, Store, Off-Road, 10000
BrickFilA_VC001, Store, Off-Road, 14000
FoulRunningsTruck_VC000, Store, Off-Road, 10000
FriendsBuggy_41010, Store, Off-Road, 10000
FriendsGPSUV_41036, Store, Off-Road, 10000
Traffic_HV_02Offroad, Store, Off-Road, 10000
GoldRushMinionTruck_VC000, Store, Off-Road, 10000
GovSUV_VC000, Store, Off-Road, 10000
BurgerCar_VC001, Store, Off-Road, 14000
Traffic_B5_12Offroad, Store, Off-Road, 14000
Roadster_5986, Store, Off-Road, 10000
Bosozoku01Truck_VC000, Store, Off-Road, 14000
Traffic_HV_06Offroad, Store, Off-Road, 10000
Traffic_B5_11Offroad, Store, Off-Road, 10000
Traffic_BB_03Offroad, Store, Off-Road, 10000
Traffic_HV_04Offroad, Store, Off-Road, 10000
MineCart_VC000, Store, Off-Road, 10000
Tractor_40280, Store, Off-Road, 14000
Excavator_60186, Store, Off-Road, 14000
CatT_VC000, Store, Off-Road, 14000
DonutMonsterTruck_VC000, Store, Off-Road, 20000
SpiderTruck_VC000, Store, Off-Road, 20000
Traffic_B5_10Offroad, Store, Off-Road, 10000
Traffic_B5_01Offroad, Store, Off-Road, 10000
HeadlessHorsepowerOffroad_VC000, Store, Off-Road, 20000
PizzaCar_VC001, Store, Off-Road, 14000
Traffic_HV_09Offroad, Store, Off-Road, 14000
Ragecoach_VC000, Store, Off-Road, 14000
ReDonkulous_VC000, Store, Off-Road, 14000
Traffic_HV_07Offroad, Store, Off-Road, 10000
ATV_70160, Store, Off-Road, 10000
Traffic_BB_04Offroad, Store, Off-Road, 10000
ShadowMinionOffroad, Store, Off-Road, 14000
Traffic_B5_05Offroad, Store, Off-Road, 10000
HotdogTruck_VC41129B, Store, Off-Road, 20000
SpookyCarriage_VC0000, Store, Off-Road, 20000
MugSteamedMinion_VC000, Store, Off-Road, 20000
SurfChopper_VC000, Store, Off-Road, 20000
TacoDragito_VC001, Store, Off-Road, 14000
Traffic_BB_02Offroad, Store, Off-Road, 10000
FusionOffroad_VC000, Store, Off-Road, 14000
Traffic_HV_10Offroad, Store, Off-Road, 10000
TravelWagon_VC000, Store, Off-Road, 14000
Turtle_VC000, Store, Off-Road, 14000
DrillTruck_60121, Store, Off-Road, 10000
Truck_8864, Store, Off-Road, 10000
MonsterTruck_VC000, Store, Off-Road, 10000
IceCreamVan_70804B, Store, Off-Road, 14000
Traffic_HV_10Boat, Store, Water, 10000
Traffic_HV_05Boat, Store, Water, 10000
Traffic_FV_01Boat, Store, Water, 10000
FossilFuelerBoat_VC000, Store, Water, 20000
Traffic_HV_08Boat, Store, Water, 10000
BottleShip_21313, Store, Water, 14000
Traffic_FV_04Boat, Store, Water, 10000
Traffic_B5_07Boat, Store, Water, 10000
Hydro_VC001, Store, Water, 14000
FirstClass_VC000, Store, Water, 14000
FishingBoat_VC70442, Store, Water, 10000
Traffic_HV_02Boat, Store, Water, 10000
GoldDrillerBoat_VC000, Store, Water, 14000
GovZodiac_VC60168, Store, Water, 10000
VHull_VC001, Store, Water, 10000
Hottub_VC000, Store, Water, 14000
Traffic_BB_05Boat, Store, Water, 10000
HausBoat_VC000, Store, Water, 10000
P59PlaneBoat_VC000, Store, Water, 14000
MugBoatMinion_VC000, Store, Water, 14000
InflatableBoat_60005, Store, Water, 10000
GothaPlaneBoat_VC000, Store, Water, 20000
LightningBug_VC000, Store, Water, 20000
LightningSword_VC000, Store, Water, 20000
Traffic_B5_08Boat, Store, Water, 10000
Traffic_BB_03Boat, Store, Water, 10000
Traffic_HV_04Boat, Store, Water, 10000
Traffic_HV_03Boat, Store, Water, 10000
Traffic_B5_12Boat, Store, Water, 14000
Traffic_B5_01Boat, Store, Water, 10000
OrganDonorBoat_VC000, Store, Water, 10000
Traffic_FV_03Boat, Store, Water, 10000
InflatableBoat_60014, Store, Water, 10000
PoliceInflatable_60045, Store, Water, 14000
Traffic_B5_06Boat, Store, Water, 10000
RocketBoat_VC31103, Store, Water, 10000
Traffic_BB_02Boat, Store, Water, 10000
Traffic_BB_04Boat, Store, Water, 10000
Traffic_HV_07Boat, Store, Water, 10000
Traffic_B5_04Boat, Store, Water, 10000
ShadowZ_Boat_VC000, Store, Water, 10000
Traffic_B5_03Boat, Store, Water, 10000
SwampBoat_VC000, Store, Water, 10000
Traffic_HV_06Boat, Store, Water, 10000
FastroBoat_VC000, Store, Water, 14000
TrainBoat_VC001, Store, Water, 20000
HeadlessHorsepowerBoat_VC000, Store, Water, 20000
Traffic_HV_09Boat, Store, Water, 10000
Traffic_FV_02Boat, Store, Water, 10000
TacoDragitoBoat_VC000, Store, Water, 14000
FusionBoat_VC000, Store, Water, 20000
TruckBoat_VC000, Store, Water, 10000
TurtleBoat_VC000, Store, Water, 14000
Traffic_BB_01Boat, Store, Water, 10000
Speedboat_6737, Store, Water, 10000
Speedboat_60176, Store, Water, 10000
Yacht_1792, Store, Water, 14000
Aerospoiler_01_Black, Store, Flair, 2000
Aerospoiler_01_Blue, Store, Flair, 2000
Aerospoiler_01_Green, Store, Flair, 2000
Aerospoiler_01_Red, Store, Flair, 2000
Aerospoiler_01_Yellow, Store, Flair, 2000
Antenna_Green, Store, Flair, 2000
Antenna_Orange, Store, Flair, 2000
Antenna_Pink, Store, Flair, 2000
Antenna_Purple, Store, Flair, 2000
Antenna_Red, Store, Flair, 2000
Antenna_White, Store, Flair, 2000
Antenna_Yellow, Store, Flair, 2000
Hat5, Store, Flair, 2000
Hat4, Store, Flair, 2000
Eye2, Store, Flair, 4000
EngineBlock1_Blue, Store, Flair, 4000
EngineBlock1_Orange, Store, Flair, 4000
EngineBlock1_Pink, Store, Flair, 4000
EngineBlock1_Red, Store, Flair, 4000
Beacon_Blue, Store, Flair, 4000
Beacon_Orange, Store, Flair, 4000
Beacon_Red, Store, Flair, 4000
Beacon_White, Store, Flair, 4000
Beacon_Yellow, Store, Flair, 4000
Lightbar_60111_Blue, Store, Flair, 2000
Lightbar_60111_Green, Store, Flair, 2000
Lightbar_60111_Orange, Store, Flair, 2000
Lightbar_60111_Pink, Store, Flair, 2000
Lightbar_60111_Purple, Store, Flair, 2000
Lightbar_60111_Red, Store, Flair, 2000
Lightbar_60111_White, Store, Flair, 2000
Lightbar_60111_Yellow, Store, Flair, 2000
LightTower_VC31107_2_Blue, Store, Flair, 4000
LightTower_VC31107_2_Orange, Store, Flair, 4000
LightTower_VC31107_2_Purple, Store, Flair, 4000
LightTower_VC31107_2_Red, Store, Flair, 4000
LightTower_VC31107_2_White, Store, Flair, 4000
LightTower_VC31107_2_Yellow, Store, Flair, 4000
Ears1, Store, Flair, 6000
Claw2, Store, Flair, 10000
CupcakeDisplay, Store, Flair, 4000
ColorfulBall, Store, Flair, 6000
DJStation, Store, Flair, 10000
PropSpoilerDeluxe_Black, Store, Flair, 6000
PropSpoilerDeluxe_Blue, Store, Flair, 6000
PropSpoilerDeluxe_Pink, Store, Flair, 6000
PropSpoilerDeluxe_Blue, Store, Flair, 6000
PropSpoilerDeluxe_Orange, Store, Flair, 6000
PropSpoilerDeluxe_Pink, Store, Flair, 6000
PropSpoilerDeluxe_Purple, Store, Flair, 6000
PropSpoilerDeluxe_Red, Store, Flair, 6000
PropSpoilerDeluxe_Yellow, Store, Flair, 6000
JetEngine_F2_Black, Store, Flair, 10000
JetEngine_F2_Blue, Store, Flair, 10000
JetEngine_F2_Orange, Store, Flair, 10000
JetEngine_F2_Purple, Store, Flair, 10000
FastrosPrototype_Legend, Store, Flair, 10000
Engine_VC000_Orange, Store, Flair, 2000
Engine_VC000_Purple, Store, Flair, 2000
Engine_VC000_Red, Store, Flair, 2000
FieryTurbine_VC000g, Store, Flair, 4000
FishTanker, Store, Flair, 10000
flap01, Store, Flair, 4000
Light_Sm_Green, Store, Flair, 2000
Light_Sm_Orange, Store, Flair, 2000
Light_Sm_Pink, Store, Flair, 2000
Light_Sm_Purple, Store, Flair, 2000
Light_Sm_Yellow, Store, Flair, 2000
Lightbar_Flair2_Orange, Store, Flair, 2000
Lightbar_Flair2_Pink, Store, Flair, 2000
Lightbar_Flair2_White, Store, Flair, 2000
Lightbar_Flair2_Yellow, Store, Flair, 2000
Flowers_01, Store, Flair, 4000
Flowers_02, Store, Flair, 4000
LightBar2_Orange, Store, Flair, 2000
LightBar2_Pink, Store, Flair, 2000
LightBar2_Yellow, Store, Flair, 2000
Tails2_Red, Store, Flair, 10000
BuddyHoliday_Legend, Store, Flair, 10000
HotSeat_Black, Store, Flair, 6000
HotSeat_Blue, Store, Flair, 6000
HotSeat_Green, Store, Flair, 6000
HotSeat_Orange, Store, Flair, 6000
HotSeat_Pink, Store, Flair, 6000
HotSeat_Purple, Store, Flair, 6000
HotSeat_Red, Store, Flair, 6000
HotSeat_White, Store, Flair, 6000
HotSeat_Yellow, Store, Flair, 6000
HughsMk1_Legend, Store, Flair, 10000
HughsMk4_Legend, Store, Flair, 10000
Jets2_Orange, Store, Flair, 2000
Jets2_Purple, Store, Flair, 2000
Jets2_Yellow, Store, Flair, 2000
JetEngineF4_Pink, Store, Flair, 4000
Spoiler3_Black, Store, Flair, 2000
Spoiler3_Blue, Store, Flair, 2000
Spoiler3_Green, Store, Flair, 2000
Spoiler3_Purple, Store, Flair, 2000
Spoiler3_White, Store, Flair, 2000
Spoiler3_Yellow, Store, Flair, 2000
DragonHead_Legend, Store, Flair, 10000
DualThruster_Legend, Store, Flair, 10000
ThermalEngine_Legend, Store, Flair, 10000
Z-Boost_Legend, Store, Flair, 10000
SquareSingleBlue, Store, Flair, 2000
SquareSingleBrown, Store, Flair, 2000
SquareSingleWhite, Store, Flair, 2000
Lightbar_02_Blue, Store, Flair, 4000
Lightbar_02_GreenWhite, Store, Flair, 4000
Lightbar_02_GreenYellow, Store, Flair, 4000
Lightbar_02_Purple, Store, Flair, 4000
Lightbar_02_Rainbow, Store, Flair, 4000
Lightbar_7208_Blue, Store, Flair, 2000
Lightbar_7208_Green, Store, Flair, 2000
Lightbar_7208_Orange, Store, Flair, 2000
Lightbar_7208_Pink, Store, Flair, 2000
Lightbar_7208_Purple, Store, Flair, 2000
Jet_Engine_Big_Green, Store, Flair, 4000
Jet_Engine_Big_Pink, Store, Flair, 4000
Jet_Engine_Big_Red, Store, Flair, 4000
MechaTurbo_Blue, Store, Flair, 6000
MechaTurbo_Green, Store, Flair, 6000
MechaTurbo_Orange, Store, Flair, 6000
MechaTurbo_Pink, Store, Flair, 6000
RocketJet_Blue, Store, Flair, 10000
RocketJet_Green, Store, Flair, 10000
RocketJet_Pink, Store, Flair, 10000
RocketJet_Red, Store, Flair, 10000
RocketJet_Yellow, Store, Flair, 10000
Fliar_Oxygentank_Blue, Store, Flair, 4000
Fliar_Oxygentank_Green, Store, Flair, 4000
1x1_flair4, Store, Flair, 4000
Flag_Flair2_Black, Store, Flair, 2000
Flag_Flair2_Blue, Store, Flair, 2000
Flag_Flair2_Green, Store, Flair, 2000
Flag_Flair2_Orange, Store, Flair, 2000
Flag_Flair2_Pink, Store, Flair, 2000
Flag_Flair2_Purple, Store, Flair, 2000
Flag_Flair2_Red, Store, Flair, 2000
Flag_Flair2_White, Store, Flair, 2000
Flag_Flair2_Yellow, Store, Flair, 2000
Hat6, Store, Flair, 2000
lightbar_flair3, Store, Flair, 2000
FusionCoil_02_Green, Store, Flair, 4000
FusionCoil_02_Orange, Store, Flair, 4000
FusionCoil_02_Pink, Store, Flair, 4000
FusionCoil_02_Red, Store, Flair, 4000
FusionCoil_02_Yellow, Store, Flair, 4000
FusionJet_Blue, Store, Flair, 6000
FusionJet_Green, Store, Flair, 6000
FusionJet_Orange, Store, Flair, 6000
FusionJet_Pink, Store, Flair, 6000
FusionJet_Purple, Store, Flair, 6000
FusionJet_Red, Store, Flair, 6000
FusionJet_Yellow, Store, Flair, 6000
Claw1, Store, Flair, 10000
RoundSingleBlue, Store, Flair, 2000
RoundSingleGreen, Store, Flair, 2000
RoundSingleOrange, Store, Flair, 2000
UFOSpinner_VC000, Store, Flair, 4000
Spoiler_Flair1, Store, Flair, 4000
Spoiler1_Black, Store, Flair, 2000
Spoiler1_Blue, Store, Flair, 2000
Spoiler1_Green, Store, Flair, 2000
Spoiler1_Red, Store, Flair, 2000
Spoiler1_White, Store, Flair, 2000
Spoiler1_Yellow, Store, Flair, 2000
Flag_Flair1_Black, Store, Flair, 2000
Flag_Flair1_Blue, Store, Flair, 2000
Flag_Flair1_Green, Store, Flair, 2000
Flag_Flair1_Pink, Store, Flair, 2000
Flag_Flair1_Purple, Store, Flair, 2000
Hat3, Store, Flair, 2000
Tails1, Store, Flair, 6000
SuperEngineBlock_Black, Store, Flair, 6000
SuperEngineBlock_Green, Store, Flair, 6000
SuperEngineBlock_Orange, Store, Flair, 6000
SuperEngineBlock_White, Store, Flair, 6000
fan_swampboat, Store, Flair, 4000
Flagpole_31079_Black, Store, Flair, 2000
Flagpole_31079_Blue, Store, Flair, 2000
Flagpole_31079_Green, Store, Flair, 2000
Flagpole_31079_Orange, Store, Flair, 2000
Flagpole_31079_Pink, Store, Flair, 2000
Flagpole_31079_Purple, Store, Flair, 2000
Flagpole_31079_Red, Store, Flair, 2000
Flagpole_31079_Yellow, Store, Flair, 2000
Ears2, Store, Flair, 6000
Blower5000_Blue, Store, Flair, 6000
Blower5000_Green, Store, Flair, 6000
Blower5000_Pink, Store, Flair, 6000
Blower5000_Yellow, Store, Flair, 6000
ThroneandBanners_Blue, Store, Flair, 4000
ThroneandBanners_Green, Store, Flair, 4000
ThroneandBanners_Pink, Store, Flair, 4000
Hat2, Store, Flair, 2000
HydroPropellerSpoiler_Blue, Store, Flair, 4000
HydroPropellerSpoiler_Green, Store, Flair, 4000
HydroPropellerSpoiler_Purple, Store, Flair, 4000
HydroPropellerSpoiler_Red, Store, Flair, 4000
HydroPropellerSpoiler_Yellow, Store, Flair, 4000
JetTurbine_31074_Pink, Store, Flair, 4000
JetTurbine_31074_Red, Store, Flair, 4000
SnakeSpoiler_Black, Store, Flair, 6000
SnakeSpoiler_Blue, Store, Flair, 6000
SnakeSpoiler_Green, Store, Flair, 6000
SnakeSpoiler_Pink, Store, Flair, 6000
SnakeSpoiler_White, Store, Flair, 6000
Wingit_Blue, Store, Flair, 4000
Wingit_Green, Store, Flair, 4000
Wingit_Red, Store, Flair, 4000
Cake_Legend, Store, Flair, 10000
Hat1, Store, Flair, 2000
BuddyWizard_Legend, Store, Flair, 10000
Logo_10, Store, Stickers, 3000
Logo_6, Store, Stickers, 3000
Logo_13, Store, Stickers, 3000
Logo_25, Store, Stickers, 3000
Logo_8, Store, Stickers, 3000
Logo_14, Store, Stickers, 3000
Logo_24, Store, Stickers, 3000
Logo_2, Store, Stickers, 3000
Logo_21, Store, Stickers, 3000
Logo_9, Store, Stickers, 3000
Flame_3, Store, Stickers, 2000
Flame_4, Store, Stickers, 2000
Flame_5, Store, Stickers, 2000
Flame_8, Store, Stickers, 2000
Flame_12, Store, Stickers, 2000
Flame_13, Store, Stickers, 2000
Flame_19, Store, Stickers, 2000
Flame_23, Store, Stickers, 3000
Flame_24, Store, Stickers, 3000
Flower_1, Store, Stickers, 3000
Flower_2, Store, Stickers, 2000
Flower_3, Store, Stickers, 2000
Flower_4, Store, Stickers, 2000
Flower_5, Store, Stickers, 2000
Flower_6, Store, Stickers, 2000
Flower_7, Store, Stickers, 2000
Flower_8, Store, Stickers, 2000
Flower_9, Store, Stickers, 2000
Flower_10, Store, Stickers, 3000
Flower_12, Store, Stickers, 1000
Flower_13, Store, Stickers, 1000
Flower_14, Store, Stickers, 1000
Flower_15, Store, Stickers, 1000
Flower_16, Store, Stickers, 1000
Flower_17, Store, Stickers, 3000
Flower_18, Store, Stickers, 3000
Flower_19, Store, Stickers, 1000
Flower_20, Store, Stickers, 1000
Flower_21, Store, Stickers, 1000
Flower_22, Store, Stickers, 1000
Flower_23, Store, Stickers, 1000
Flower_24, Store, Stickers, 1000
Flower_25, Store, Stickers, 1000
Flower_26, Store, Stickers, 1000
Flower_27, Store, Stickers, 1000
Flower_28, Store, Stickers, 1000
Flower_29, Store, Stickers, 2000
Flower_30, Store, Stickers, 2000
Flower_38, Store, Stickers, 1000
Number_29, Store, Stickers, 1000
Number_26, Store, Stickers, 1000
Number_25, Store, Stickers, 1000
Number_30, Store, Stickers, 1000
Number_22, Store, Stickers, 1000
Number_28, Store, Stickers, 1000
Number_27, Store, Stickers, 1000
Number_24, Store, Stickers, 1000
Number_23, Store, Stickers, 1000
Number_21, Store, Stickers, 1000
Logo_22, Store, Stickers, 3000
Logo_5, Store, Stickers, 3000
Logo_3, Store, Stickers, 3000
Logo_11, Store, Stickers, 3000
Logo_7, Store, Stickers, 3000
Logo_15, Store, Stickers, 3000
Number_9, Store, Stickers, 1000
Number_6, Store, Stickers, 1000
Number_5, Store, Stickers, 1000
Number_10, Store, Stickers, 1000
Number_2, Store, Stickers, 1000
Number_8, Store, Stickers, 1000
Number_7, Store, Stickers, 1000
Number_4, Store, Stickers, 1000
Number_3, Store, Stickers, 1000
Number_1, Store, Stickers, 1000
RallyRacer_1, Store, Stickers, 3000
RallyRacer_6, Store, Stickers, 3000
RallyRacer_12, Store, Stickers, 3000
RallyRacer_16, Store, Stickers, 1000
RallyRacer_17, Store, Stickers, 1000
RallyRacer_22, Store, Stickers, 1000
RallyRacer_24, Store, Stickers, 1000
RallyRacer_25, Store, Stickers, 1000
RallyRacer_27, Store, Stickers, 2000
RallyRacer_29, Store, Stickers, 2000
Logo_17, Store, Stickers, 3000
Logo_16, Store, Stickers, 3000
Logo_18, Store, Stickers, 3000
Rewards_3, Store, Stickers, 3000
Logo_12, Store, Stickers, 3000
Sonic_3, Store, Stickers, 1000
Sonic_4, Store, Stickers, 2000
Sonic_5, Store, Stickers, 1000
Sonic_6, Store, Stickers, 2000
Sonic_8, Store, Stickers, 1000
Sonic_9, Store, Stickers, 2000
Sonic_10, Store, Stickers, 2000
Sonic_11, Store, Stickers, 2000
Sonic_15, Store, Stickers, 2000
Sonic_16, Store, Stickers, 2000
Sonic_17, Store, Stickers, 2000
Sonic_18, Store, Stickers, 2000
Sonic_19, Store, Stickers, 3000
Sonic_20, Store, Stickers, 3000
Sonic_21, Store, Stickers, 3000
Sonic_22, Store, Stickers, 3000
Sonic_25, Store, Stickers, 2000
Sonic_26, Store, Stickers, 2000
Sonic_27, Store, Stickers, 2000
Sonic_28, Store, Stickers, 2000
Sonic_29, Store, Stickers, 2000
Sonic_33, Store, Stickers, 2000
Sonic_34, Store, Stickers, 2000
Sonic_35, Store, Stickers, 2000
Sonic_36, Store, Stickers, 2000
Sonic_37, Store, Stickers, 2000
Sonic_38, Store, Stickers, 2000
Spectrum_1, Store, Stickers, 2000
Spectrum_3, Store, Stickers, 2000
Spectrum_4, Store, Stickers, 2000
Spectrum_5, Store, Stickers, 2000
Spectrum_6, Store, Stickers, 2000
Spectrum_7, Store, Stickers, 2000
Spectrum_8, Store, Stickers, 2000
Spectrum_9, Store, Stickers, 2000
Spectrum_10, Store, Stickers, 2000
Spectrum_11, Store, Stickers, 2000
Spectrum_13, Store, Stickers, 2000
Spectrum_14, Store, Stickers, 2000
Spectrum_15, Store, Stickers, 3000
Spectrum_17, Store, Stickers, 2000
Spectrum_18, Store, Stickers, 2000
Spectrum_19, Store, Stickers, 2000
Logo_23, Store, Stickers, 3000
Number_39, Store, Stickers, 1000
Number_36, Store, Stickers, 1000
Number_35, Store, Stickers, 1000
Number_40, Store, Stickers, 1000
Number_32, Store, Stickers, 1000
Number_38, Store, Stickers, 1000
Number_37, Store, Stickers, 1000
Number_34, Store, Stickers, 1000
Number_33, Store, Stickers, 1000
Number_31, Store, Stickers, 1000
Logo_20, Store, Stickers, 3000
Logo_1, Store, Stickers, 3000
Ball_01, Store, Brick Packs, 4000
Beam_02, Store, Brick Packs, 6000
Animal_06, Store, Brick Packs, 4000
AddOn_02, Store, Brick Packs, 4000
Accessory_05, Store, Brick Packs, 6000
Accessory_04, Store, Brick Packs, 4000
Adapter_02, Store, Brick Packs, 4000
Deco_02, Store, Brick Packs, 4000
Animal_02, Store, Brick Packs, 6000
Mineral_03, Store, Brick Packs, 4000
Covers_01, Store, Brick Packs, 6000
Hinge_03, Store, Brick Packs, 6000
Hood_01, Store, Brick Packs, 6000
Hood_03, Store, Brick Packs, 4000
Hood_04, Store, Brick Packs, 4000
Hybrid_05, Store, Brick Packs, 4000
Large_01, Store, Brick Packs, 4000
AddOn_01, Store, Brick Packs, 6000
Adapter_01, Store, Brick Packs, 6000
Pattern_01, Store, Brick Packs, 4000
Hybrid_04, Store, Brick Packs, 6000
Wheels_01, Store, Brick Packs, 6000
Animal_03, Store, Brick Packs, 4000
Sides_01, Store, Brick Packs, 4000
Sides_03, Store, Brick Packs, 4000
Wheels_02, Store, Brick Packs, 4000
Snap_03, Store, Brick Packs, 6000
Snap_02, Store, Brick Packs, 4000
Wedges_02, Store, Brick Packs, 4000
Round_01, Store, Brick Packs, 4000
Windshield_02, Store, Brick Packs, 4000
Winged_02, Store, Brick Packs, 4000
SUV_7635, Official, City, 10000
FireFightingTruck_VC60393, Official, City, 10000
GPSUV_60082, Official, City, 10000
RallyTruck_60115, Official, City, 10000
FireEngine_7891, Official, City, 10000
Ambulance_4431, Official, City, 10000
ArmoredTruck_60175, Official, City, 10000
Tractor_7684, Official, City, 10000
Coupe_60081, Official, City, 10000
BlueWaverider_60395, Official, City, 10000
Camper_7639, Official, City, 10000
ConstructionBuggy_60200, Official, City, 10000
EcoCar_60200, Official, City, 10000
AirportCart_60022, Official, City, 10000
AllTerrainVehicle_60344, Official, City, 10000
Speedboat_4641, Official, City, 10000
CargoTruck_60097, Official, City, 10000
RaceCar_60322, Official, City, 10000
CleaningTruck_60317, Official, City, 10000
InflatableBoat_60168, Official, City, 10000
PoliceChase_60319, Official, City, 10000
SmallInflatable_60045, Official, City, 10000
FrontLoader_60072, Official, City, 10000
Speedboat_60221, Official, City, 10000
SmallRaft_60176, Official, City, 10000
Dragster_60151, Official, City, 14000
ElectricCar_60347, Official, City, 10000
Tractor_60346, Official, City, 10000
FireTruck_60321A, Official, City, 10000
Go-KartRacer_VC30589, Official, City, 10000
Guacamonster_60397, Official, City, 10000
ThunderStrike_60395, Official, City, 10000
HolidayCamperVan_60283, Official, City, 10000
HorseTransporter_60327, Official, City, 10000
IceCreamTruckPoliceChase_60314B, Official, City, 14000
FireRescueBoat_60373, Official, City, 10000
Off-Road_60328, Official, City, 10000
HyperSpeed_VC60389B, Official, City, 10000
HyperSpeed_VC60389A, Official, City, 10000
LunarRovingVehicle_60348, Official, City, 10000
FireInflatable_7213, Official, City, 10000
Offroader_VC60394, Official, City, 10000
Van_60117, Official, City, 10000
Plumrocket_60396, Official, City, 10000
PoliceATV_30228, Official, City, 10000
Policecar_60312, Official, City, 10000
Hovercraft_60071, Official, City, 10000
Policecar_60316, Official, City, 10000
Powerboat_60085, Official, City, 10000
SuperBoat_60114, Official, City, 10000
RallyCar_60113, Official, City, 10000
RedRacer_60395, Official, City, 10000
TransporteVehicle_60343, Official, City, 10000
FireRescue_60319, Official, City, 10000
Road-and-railTruck_60335, Official, City, 10000
SchoolBus_60329, Official, City, 10000
Scullywagon_60397, Official, City, 10000
Coupe_60132B, Official, City, 10000
ServiceCar_60351, Official, City, 10000
DrinksTruck_60384, Official, City, 10000
RallyTruck_60146, Official, City, 10000
Tangytrekker_60396, Official, City, 10000
Ambulance_60330, Official, City, 10000
PWC_7737, Official, City, 10000
GPSUV_31037, Official, Creator, 10000
ClassicTruck_40083, Official, Creator, 10000
ClassicCar_10260, Official, Creator, 14000
FlatbedTruck_10244, Official, Creator, 10000
GPSUV_31052, Official, Creator, 10000
SwampBoat_5866, Official, Creator, 10000
HouseBoat_31051, Official, Creator, 10000
Hydro_31011, Official, Creator, 10000
RocketBoat_31047, Official, Creator, 14000
Hydro_31023, Official, Creator, 14000
GreenCruiserBoat_31056, Official, Creator, 14000
GreenCruiserStreetCar_31056, Official, Creator, 10000
GPSUV_31075, Official, Creator, 10000
StreetRacer_31127C, Official, Creator, 10000
MonsterTruck_VC30594, Official, Creator, 10000
RocketTruck_31103B, Official, Creator, 10000
RocketTruck_31103A, Official, Creator, 10000
BigRig_31074, Official, Creator, 10000
StreetRacer_31127A, Official, Creator, 14000
SuperBoat_31089, Official, Creator, 10000
TrackRacer_31089, Official, Creator, 10000
SuperMuscleCar_30577, Official, Creator, 10000
ClassicTruck_10222, Official, Creator, 10000
ClassicBus_10259, Official, Creator, 10000
YellowTaxi_40468, Official, Creator, 10000
VintageCar_40448, Official, Ideas, 10000
VintageTaxi_40532, Official, Icons, 10000
